{
    "pool": {
        "x": 7.9998564720154,
        "y": 0.0,
        "z": 4.0099987983704,
        "facing": "FrontRight"
    },
    "f3": {
        "x": 5.492928981781,
        "y": 10.75,
        "z": 28.507070541382,
        "facing": "FrontRight"
    },
    "bar": {
        "x": 7.5,
        "y": 0.0,
        "z": 24.489999771118,
        "facing": "BackLeft"
    },
    "aquarium": {
        "x": 15.489999771118,
        "y": 0.0,
        "z": 27.0,
        "facing": "BackRight"
    },
    "f2": {
        "x": 4.5,
        "y": 6.75,
        "z": 27.010000228882,
        "facing": "FrontRight"
    },
    "view": {
        "x": 9.5070714950562,
        "y": 10.75,
        "z": 21.507070541382,
        "facing": "FrontLeft"
    },
    "top": {
        "x": 12.508944511414,
        "y": 16.754472732544,
        "z": 24.5,
        "facing": "FrontLeft"
    },
    "tv": {
        "x": 14.5,
        "y": 7.25,
        "z": 16.010000228882,
        "facing": "FrontRight"
    },
    "dance": {
        "x": 6.0100002288818,
        "y": 0.25,
        "z": 19.0,
        "facing": "FrontLeft"
    },
    "f1": {
        "x": 15.489999771118,
        "y": 0.5,
        "z": 18.5,
        "facing": "BackRight"
    }
}